{
  "tasks": {
    "A": {
      "total": 74,
      "clean": 74,
      "quarantine": 0,
      "pass_rate": 1.0,
      "top_violations": [],
      "length": {
        "mean": 129.40540540540542,
        "p50": 126.0,
        "p90": 203.0,
        "p99": 261.62
      }
    },
    "B": {
      "total": 48,
      "clean": 39,
      "quarantine": 9,
      "pass_rate": 0.8125,
      "top_violations": [
        [
          "ungrounded-command",
          9
        ]
      ],
      "length": {
        "mean": 11.179487179487179,
        "p50": 9.0,
        "p90": 17.0,
        "p99": 20.0
      }
    },
    "C": {
      "total": 28,
      "clean": 24,
      "quarantine": 4,
      "pass_rate": 0.8571428571428571,
      "top_violations": [
        [
          "phantom-exit",
          4
        ]
      ],
      "length": {
        "mean": 39.416666666666664,
        "p50": 40.0,
        "p90": 46.0,
        "p99": 48.31
      }
    },
    "D": {
      "total": 52,
      "clean": 52,
      "quarantine": 0,
      "pass_rate": 1.0,
      "top_violations": [],
      "length": {
        "mean": 69.01923076923077,
        "p50": 72.0,
        "p90": 94.8,
        "p99": 99.49000000000001
      }
    },
    "E": {
      "total": 4,
      "clean": 4,
      "quarantine": 0,
      "pass_rate": 1.0,
      "top_violations": [],
      "length": {
        "mean": 25.0,
        "p50": 24.5,
        "p90": 26.4,
        "p99": 26.939999999999998
      }
    },
    "F": {
      "total": 4,
      "clean": 4,
      "quarantine": 0,
      "pass_rate": 1.0,
      "top_violations": [],
      "length": {
        "mean": 23.0,
        "p50": 22.5,
        "p90": 24.4,
        "p99": 24.939999999999998
      }
    }
  },
  "near_duplicates": {
    "duplicate_groups": 31,
    "duplicate_rows": 88,
    "rate": 0.41904761904761906
  }
}